{"listSteel":[{"x":-0.1599999964237213,"y":0.1599999964237213,"z":0.0}],"listTree":[{"x":0.1599999964237213,"y":0.1599999964237213,"z":0.0}],"listBrick":[],"listWater":[],"Appear":[]}