{"listSteel":[],"listTree":[],"listBrick":[{"x":0.1599999964237213,"y":-1.1200000047683716,"z":0.0},{"x":-0.1599999964237213,"y":-1.1200000047683716,"z":0.0},{"x":-0.47999998927116396,"y":-1.1200000047683716,"z":0.0},{"x":-0.7999999523162842,"y":-1.1200000047683716,"z":0.0}],"listWater":[]}