{"listSteel":[{"x":0.1599999964237213,"y":-0.7999999523162842,"z":0.0},{"x":-0.1599999964237213,"y":-0.47999998927116396,"z":0.0}],"listTree":[{"x":-0.1599999964237213,"y":-0.7999999523162842,"z":0.0},{"x":-0.47999998927116396,"y":-0.7999999523162842,"z":0.0}],"listBrick":[{"x":-0.47999998927116396,"y":-0.47999998927116396,"z":0.0}],"listWater":[]}